comment,is_aggressive
Отличный водитель [SEP] Спасибо,0
Лучший водитель [SEP]  Спасибо,0
водитель заехал и сразу встал с той стороны дома у которой нет подъездов [SEP]  и стоял ждал там не проехав дальше [SEP]  хотя в адресе был указан подъезд,0
постоянно отвлекался на поиск и просмотр роликов на ютуб,0
выезжал на встречку несколько раз,1
салон весь прокурен [SEP]  после поездки пахнут волосы и одежда,1
Не обучен работе с приложением и стандартам [SEP]  А это К,0
Сервис просто супер,0
Нет оклейки ГОСТ [SEP]  Шашечки тоже нет,0
Точка фактической подачи машины отличалась от точки которую я выставляла в приложении,1
Очень вежливый водитель,0
Очень вежливый водитель,0
Все супер,0
Говорил по телефону и смотрел чаты в телефоне,0
Буквы не совпадают были буквы РМН,0
Говорил за рулём по телефону,0
Максимально корректный тянет на комфорт,0
Пукнул,0
Очень аккуратный в машине очень чисто,0
Отличный водитель едет очень ровно,0
Отличие букв в номере,0
Ошибся в первом вопросе номер отличается хотя и похож,1
Отсутствовал держатель для телефона водитель постоянно смотрел на коленки в навигатор [SEP]  Не оч безопасно,0
В салоне оставалось детское кресло [SEP]  Вдвоем сзади было тесно,0
Плохо понимает по русски,1
Очень много жалуется на наше приложение,0
Хамоватый водитель который ездит очень агрессивно и опасно,1
Очень приятный водитель,0
Всё супер [SEP]  Лучше чем обычно,0
Все было отлично водитель молодец everything ok,0
Водитель помог с грузом,0
Машина серая камри буквы другие регион 147,0
Приятная беседа,0
Конфеты в подлокотнике,0
Отличный водитель,0
Случайно поставила оценку про вид машины и запах [SEP]  Всё было хорошо машина чистая и в отличном состоянии запаха не было,0
Водитель нажал машина подана до того как подъехал ко входу в клинику и накапало платного ожидания на 40₽,0
Только грязные даерные ручки снаружи смутили но из за погоды,0
Галантный водитель,0
Все было хорошо [SEP]  Без замечаний,0
Все было хорошо,0
Машина брендирована под Яндекс [SEP] такси,0
Агрессивная манера вождения,1
Вежливый водитель всё уточнил «как удобно доехать» «тепло или холодно»,0
Очень агрессивная езда которая сопровождается агрессивными словами,1
Очень достойный водитель по всем параметрам,0
Разговоры водителя по телефону,0
Все отлично,0
Пришел на место раньше пошел водителю на встречу [SEP]  Он сам заметил меня и остановился не пришлось бежать и махать руками,0
Больше нечего добавить,0
Водитель сама вежливость [SEP]  Все супер,0
Отличная поездка,0
Нет [SEP]  Все хорошо [SEP]  Спасибо,0
Все хорошо,0
Водитель молодец,0
Все в порядке водитель молодец запаха нет в авто и водитель в маске неправильно нажал,0
Гос номер не совпадал с указанным в приложении [SEP]  Водитель большую часть времени сидел в телефоне либо говорил по нему [SEP]  При мне звонил оператору Ситимобил и жаловался на низкую стоимость заказа и видимо решил решать эту проблему сам и включил платное ожидание до конца поездки на 31 минуту хотя остановок не было,0
Приятный и вежливый водитель,0
Я поставила рычажок что буду с животным но или водитель не увидел или что то не сработало и в итоге я доплатила ещё 250 р за кота,0
Сидел в телефоне во время поездки,0
Очень вежливый,1
Все прекрасно,0
Не здоровается не прощается,1
Очень круто водит [SEP]  оочень комфортно было,0
Сначала водитель отъехал от изначального пункта назначения т [SEP] к [SEP]  там была остановка пришлось его искать с другой стороны дома [SEP]  Но он нормально все объяснил извинился так что претензий нет,0
Водитель оказался тот же что и пару заказов назад снова ворчал насчёт того что якобы в неудобное место вызвали мол пришлось больший круг делать и в этот раз была очень резкая манера вождения слишком разгонялся на узкой улице и резко поворачивал [SEP]  Также заметил что имя водителя отличается от прошлого заказа но при этом это был один и тот же человек,1
1 [SEP] Номера не совпадал реальный номер был Е655ВО 2 [SEP] Водитель подъехал не на ту точку куда был вызван хотя она объективно удобнее той на которой он встал меньше ехать бы пришлось поэтому прошло много времени ожидания,0
Знал короткий путь и хорошо ориентировался на местности,0
Машина супер и водитель отличный,0
Машина была чистая все отлично,0
водитель уже очень устал [SEP]  нервно и небезопасно [SEP]  во дворах ехал очень быстро заезжал на бордюры,1
Все хорошо,0
Все хорошо,0
Все хорошо,0
Другая Машина,1
Все хорошо,0
Отличный Водитель,0
Все хорошо Водитель Елена что указана в приложение,0
Ночная поездка,0
Отлично,0
Нервный водитель [SEP]  Постоянно жаловался на пробки,0
Хороший водитель,0
Не тот номер автомобиля [SEP]  Водитель [SEP]  Без маски,0
Все Хорошо [SEP]  Приятная поездка,0
Ехал от дома через мрг в виворк тк сдавал тест [SEP]  Завершил поездку пока ждал в мрг меня [SEP]  Но никуда не уехал дождался и довёз,0
Задняя правая пассажирская дверь с порезом вмятиной не критичной но неприятная [SEP]  В машине от печки довольно сильно пахнет горелым [SEP]  Также смутила в конце просьба поставить оценку,1
Из за неправильного номера 5 минут ходил его искал в итоге на платное ожидание попал [SEP]  Говорит что звонил что ему одну букву не так записали но ему ничего не изменили [SEP]  Номер у него н782ое в реальности там не одна буква разницы,0
Водитель 50 времени в дороге говорил по телефону,0
По комфорт плюс приехал водитель бизнеса в футболке и штанах,0
Ездит так что укачало за 2 км поездки [SEP]  Газ в пол тормоз в пол образно,1
Водитель помог поставить и снять детское кресло и вообще к ребенку отнёсся корректно и вежливо,0
Все ок маску в итоге водитель надел [SEP]  Но меня очень укачало,1
Во время движения отвлекался на телефон,0
Случайно нажал что водитель был в маске по факту он был без маски,0
В салоне на коврике разложена газета под ноги,0
Водитель был не пристегнут,0
Номер авто отличается на 1 букву,0
Закончил поездку раньше но спросил затем «Ничего что я раньше закончил поездку [SEP] » Затем успешно довез до точки назначения,0
Порадовало состояние авто и чистота в салоне [SEP]  Приятное общение и комфортная поездка,0
Порадовало настроени водителя и качество поездки,0
Порадовала спокойная манера езды,0
Добрый день [SEP]  В карточке водителя было указано что приедет рено белого цвета но приехала темно синяя машина марки рено с заявленными номерами н925ук750,0
Водитель не нажал статус в пути [SEP]  Начислились платное ожидание  [SEP]  Потом не знал как убрать  [SEP]  В итоге с моей помощью удалил платное ожидание,0
Машина бежевая не белая,0
Очень много говорит  [SEP]  Всю дорогу без умолку [SEP]  От первой секунды всю поездку,0
Очень приятный и вежливый водитель [SEP]  По приезду позвонил на телефон и предупредил что ожидает,0
Спокойная быстрая езда [SEP]  Поздравил с праздником прошедшим,0
Комфортная быстрая езда поспала,0
Номер машины м173ом799,0
Не поздоровался в начале поездки все остальное ок,0
У водителя такая манера вождения что мне в дороге перекреститься захотелось [SEP]  А я крестилась последний раз даже не помню когда [SEP]  Автомобиль наш брендированный [SEP]  Какую нибудь беседу было бы не плохо провести,1
Наша брендированная машина,0
все было очень классно,0
водитель был резковат [SEP]  не любил плавно тормозить и разгоняться,1
укачало,1
отлично,0
Хороший водитель который едет достаточно комфортно не пристает с лишними вопросами Помог с вещами при высадке так как у меня было много тяжелых сумок Я осталась довольна поездкой,0
Ранее написала что машина водителя грязная но это вероятнее всего из за погодных условий так как в салоне чисто и вкусно пахнет Водитель очень вежлив и с приятной манерой вождения,0
Вероятнее всего машина была грязная из за погоды явных повреждений нет,0
Водитель не пользуется навигатором хотел остановить машину в другой месте и высадить меня не там,1
Хороший водитель но машина забрендирована в Яндекс Такси,0
Водитель жаловался что я долго не выхожу хотя еще даже шло бесплтное ожидание [SEP]  При этом более 15 минут я ждала его и не жаловалась [SEP]  Остальное ок,0
Водитель жаловался что Сити заставил его взять этот заказ и как он не хочет ехать в этот район [SEP]  Всю дорогу сетовал что ему невыгодно делать эту поездку и что везёт меня за копейки,1
Хорошая и комфортная поездка,0
Все комфортно,0
На машине обклейка Яндекса,0
В целом ок только при выезде с дублеров на основную резко тормозит в последний момент,1
Машина грязная,1
Смотрел Навального,0
Все ок,0
Все ок,0
Все оу,0
Ок,0
Ок,0
Ок,0
Ок,0
Ок,0
Машина негрязная запах приятный,0
Ок,0
Водитель был не пристегнут ремнём безопасности,0
Случайно нажала не ту кнопку на одном из вопросов [SEP]  Машина грязная убитая водитель без маски [SEP]  Поведение не корректное задавал странные вопросы типа «где работаешь [SEP] » [SEP]  Манера вождения тоже ужасная пытался проехать по пешеходной дороге,1
очень вежливый водитель,0
водитель надел маску после того как я ответила в опросе что водитель без маски [SEP]  всю дорогу он был в ней [SEP]  очень аккуратный и вежливый водитель,0
Водитель с юмором Но мультиапер,0
Всё хорошо,0
Очень вежливый,0
Высадил в удобном месте из за пробок,0
Мат на все,0
Водитель очень дружелюбный,0
Маска спущена,0
Очень приятный водитель,0
Машина в оклейке Яндекса,0
Хороший водитель,0
Хороший водитель поездка была приятная,0
Все супер водитель отличный,0
С эти водителем поездка была хорошая,0
Все ок,0
Прекрасный водитель,0
Потрясающий водитель,0
Прекрасный водитель,0
Все ок этот хороший [SEP]  Жаль пару дней назад ещё не запустились я бы такое об одной поездке рассказал,0
Все ок только затхлый запах слегка,0
Очень хороший мужик все бы так,0
Все ок,0
Угрюмый парень но в целом ничего плохо не делал [SEP]  Машина грязновата,0
Вежливый нормальный все ок,0
Все ок,0
Очень крутой мужик [SEP]  Довёз быстрее навигатора,0
Все ок,0
Слегка затхлый запах [SEP]  Нужен освежитель [SEP]  В остальном все супер,0
Норм водитель угрюмый только слегка,0
Номер машины Т508тв,0
Водитель спрашивал как проехать я ответила что знаю только адрес [SEP]  В остальном все хорошо,0
Водитель не пристегнут,0
Водитель не пристегнут,0
Все отлично,0
Вежливый и молчаливый водитель,0
Все отлично,0
ужасно водит превышает скорость,1
Навигатор в приложении завел нас в другую сторону из за чего пришлось возвращаться назад опоздал на поезд neutral,0
Водитель не подъехал к точке подачи отображалось Машина подана когда он был в 4 минутах от меня [SEP]  Позвонила ему чтоб прояснить в чем дело [SEP]  Говорит стою на мосту тут недалеко тут шлагбаум нужно чтоб я заехал [SEP]   [SEP]  В итоге попросила его заехать но кажется так быть не должно [SEP]  До точки назначения тоже не довёз уточнил нужно ли ему заезжать во дворы хотел дропнуть на остановке на Ленинградке до подъезда в итоге не довёз тк там разворачиваться надо,0
Порадовало что человек работает недавно 2й день город пока знает плохо но водит аккуратно,0
все ок,0
Порадовало что водитель сократил путь через дворы явно хорошо знает район,0
Оч приятный водитель был,0
Пропустил поворот ко мне когда подъезжал в итоге с другого конца дома место подачи оказалось пришлось идти до него,1
Водитель отличный,0
Отличный водитель,0
Газета в салоне,0
Очень странное решение ехать через центр у кремля на ровном месте потеряно минут 40 45 [SEP]  И это на участке метров в 500 600 [SEP]  Как будто водитель не использовал навигатор был выключен,0
Нажала не тот ответ в вопросе про чистоту машину и повреждения Машина чистая была даже слишком для нынешней погоды,0
Технически необслуженный автомобиль,1
Гос номер бы верный под конец поездки водитель одно маску,0
Все ок конфетки в салоне,0
Все хорошо поездка действительно комфортная в салоне чисто [SEP]  Но есть один моментик который бросается в глаза газета на ковриках под ногами [SEP]  Видимо для того чтобы их не пачкать и чтобы растаявший снег впитывался в неё [SEP]  Но чисто визуально выглядит не очень,0
Все понравилось,0
Все хорошо мне понравилось,0
Ввела адрес [SEP]  Попросила проехать по навигатору [SEP]  Повернуть к тц с другой стороны,0
Выслушал негодование что двое водителей отказались проявил эмпатию,0
Очень круто,0
Прекрасная брендированная машина,0
Все ок,0
Есть крупные вмятины водитель очень вежливый,0
Я заплатила наличными 500₽ а мне потом из службы поддержки написали что я не расплатилась с водителем,1
Очень вежливый и плавно водит супер комфортная поездка з,0
Знание города супер,0
Все четко без лишнего,0
За рулём кажется был другой человек он заходил в Сбербанк онлайн и имя отличалось от того что было в профиле матерился из за цены агрессивно вёл машину не пользовался навигатором и делал непонятные изменения в маршруте,1
Хороший водитель,0
2 раза за 5 минут езды чуть не попали в дтп,1
Лучший за всë время поездок citymobil,0
Только запах ощущение что человек долго не принимал душ,0
такси,0
Очень чисто в салоне,0
Лишние разговоры в начале поездки ремень накидывает при виде ДПС,0
Водитель 2 раза привез не туда из за пользования яндекс навигатором поездка была близкая поэтому не страшно но два раза — перебор,0
Водитель ездит плавно и качественно [SEP]  Музыка тоже отличная [SEP]  Вежливость на уровне выше стандарт,0
Все чётко,0
Водитель говорил по телефону во время поездки,0
Такси,0
Прекрасно,0
Все круто водитель приятный но в салоне пахнет сигаретами,0
отличный водитель [SEP]  очень вежливый и спокойный,0
Разговаривал по телефону недолго,0
Хороший спокойный водитель,0
Не туда плдъехал,0
Автомобиль ты обитель были другие,0
Не очень любит навигатор,0
Всю дорогу маска на подбородке,0
не очень комфортно в машине с ручной коробкой передач ездить,0
Хороший водитель,0
Нет оклейки ГОСТ и шашечки,0
Водитель не тот сама машина полностью без оклейки,0
Все хорошо,0
Хороший водитель,0
Надел иаску в итоге,0
После окончания поездки заметил что буквы номера другие,1
Все супер,0
отличный водитель [SEP]  аккуратный вежливый позитивный,0
Хороший очень культурный водитель [SEP]  Поинтересовался какую музыку включить,0
Есть конфетки,0
Хороший и приятный водитель,0
Водитель все время ехал и матерился на других участников движения [SEP] на своём языке и на русском [SEP] от чего складывается не очень хорошее впечатление,0
Очень душевная поездка,0
Водитель в маске молодец,0
Класс выше а накурено,0
Машина другая водитель хороший,0
быстро и комфортно доехали [SEP]  поспала спокойно,0
Водитель очень добрый отзывчивый человек,0
Водитель разговаривал во время поездки,0
Приятный и вежливый водитель,0
Буквы номера отличаются ХУВ вместо СХМ,0
Очень вежливый и учтивый водитель,0
Приятный вежливый водитель,0
Водитель слабослыщащий,0
Вежливый и тактичный водитель [SEP]  даже машину развернул и подал к подъезду стороной где я обычно сажусь,0
Авто не имело повреждений имело загрязнение согласно погоде,0
Очень некомфортно ехать с таким большим количеством рывков и резких торможений,1
Отметил что приехал за 3 дома от точки,0
Очень приятный водитель,0
Отличная машина и водитель,0
Построенный маршрут немного не оптимальный,0
Совпадают только цифры номера 319 буквы и регион были такими «м  [SEP]  ко 77» Нажал «на месте» до того как подъехал к точке назначения [SEP]  Первые минут 10 движения смотрел в телефон делал свои дела в СберБанк Онлайн не спеша ехал из за этого потом стал двигаться быстрее но телефон из рук не убрал,0
Машина дёргается и явно не из за манеры вождения водителя,0
Заднее сиденье за водителем мокрое я промочила одежду,0
Был забрендирован в Яндекс не было фиксатора для ремня безопасности на заднем сидении,0
Оклеен Яндексом,0
Нет признаков такси,0
Нет признаков такси,0
Нет признаков такси,0
Очень комфортная поездка очень приятный водитель,0
Водитель разговаривал всю дорогу по телефону,0
Неверный номер машины [SEP]  Просьба заблокировать,0
Отвлекался на телефон,1
В пути водитель недел маску но не пристегнулся,0
Водитель был неаристкгнут,0
Водитель предложил отменить поездку и проехать за наличку,0
Торопился,0
Оклейка яндекс,0
Все отлично,0
Водитель решил не ехать по навигатору о чём его просили и сделал большой крюк вместо того чтобы поехать напрямую [SEP]  Из за этого получилось опоздание Кроме того водитель был без маски и выбрасывал мусор из окна машины очень не приятно,1
Машина не оклеена,1
нет символики такси на машине,0
Подголовников задних небыло,0
Оклейка яндекс такси,0
Оклейка яндекс такси,0
Плохо следит за дорогой дважды чуть не въехали в машину впереди,1
Водитель болтал половину дороги по громкой связи с другом из разговора я узнала что водитель браконьер [SEP]  everything ok после отказался подвозить к подъезду но я уломала,0
Отличный водитель все четко аккуратно приятная музыка санитайзеры есть в салоне все очень вежливо,0
водитель подрезал другие автомобили,1
Водитель просто огонь [SEP]  В хорошем смысле [SEP]  Очень профессиональный какими то огородами местами ехал но успел куда мне было нужно видно что знает куда и как ехать и приятный в общении,0
Бренд ят,0
Водитель не прекращал болтать по телефону,1
Водитель сообщил что на карантине кашляла и сморкался постоянно давал комментарии на любой светофор,1
Надел маску потом,0
Номер машины был м177ру799,0
Все хорошо,0
болтал по телефону но ехал норм,0
Водитель был не пристегнут машина была ушатана без атрибутики такси [SEP]  Постоянно говорил по телефону,1
Хорошая машина хороший водитель быстро спокойно безопасно [SEP]  Спасибо,0
Отличный водитель,0
Машина «уставшая» очень,0
Отличный водитель [SEP]  Топ,0
Отлично,0
Ошибся машина норм запах норм,0
Отлично,0
Гос номер отличается буквами цифры совпадают,1
Пропустил поворот и ехал задом против движения 50 метров было страшно,1
Очень приятный и вежливый водитель,0
Разбит задний бампер,1
Брендинг яндекса,0
Водитель поехал по заказу который никто не хотел брать типа невыгодно [SEP]  Большое ему за это спасибо,0
Отлично,0
Постоянно превышал скорость,1
Не было омывайки пользовался снегом чтобы очистить лобовое стекло,0
Он чуть раньше завершил заказ я в приложении написала что за 5 минут по факту меньше [SEP]  Не сильно это меня расстроило,0
Очень профессиональный водитель было очень приятно ехать как в бизнесе,0
манера вождения комфортная но ездит быстро и резво,0
Помог положить пакеты в богажник,1
Водитель очень приятный человек,0
Прекрасный водитель,0
ГОСТ номер не тот,0
Внимание [SEP]  Я ошибочно поставил совпадение номера он НЕ СОВПАДАЕТ,0
буквы номера не совпадают были ЕСМ вместо МУХ,0
И,0
Ошибся в ответе номер совпадал,0
Хороший водитель,0
хорошая поездка нареканий нет спокойно ездил,0
Приехал не туда в итоге ждали его с платным ожиданием,0
У машины только короб такси без оклейки,0
Ехал странной долгой дорогой,0
Отличный водитель очень вежливый,0
приятный водитель понравилось что очень переживал из за того что кто то из клиентов до меня оставил ключ в машине,0
Разговоры по телефону,0
Водителя подрезал спереди постоянно один водитель не пропускал [SEP]  Но таксист терпеливо дождался и обогнал его,0
Место подачи 200 метров пришлось идти,1
Водитель надел маску,0
очень быстро доехали т [SEP] к [SEP]  водитель хорошо знаком с маршрутом и знает оптимальный вариант объезда,0
цвет машины был серебристый,0
Водитель очень добрый и классный,0
отличный водитель приятная беседа,0
очень накурено,0
отличается только цвет машины серый вместо белого  [SEP]  А водитель молодец,0
Порадовало что водитель похож на Тамби,0
отличная поездка,0
Все хорошо водитель приятный [SEP]  Машина чистая,0
Очень вежливый водитель,0
Очень приятный в общении водитель [SEP]  Всем бы такого,0
Отклейка Яндекса [SEP]  Ехал не по навигатору пару раз заехали не туда из за этого ехали на полчаса больше чем могли бы,0
Вел себя как школьник какой то  [SEP]  Много сленга в речи бц это что за шняга [SEP]  обращался на ты,0
Отличный водитель,0
Водитель был в маске надел ее спустя пару минут после начала поездки  [SEP]  Из за отсутствия держателя для телефона постоянно держал его в левой руке из за чего возникали «неприятности» на дороге,0
Водитель два раза говорил по телефону,0
Хороший водитель,0
Общительный приятный водитель,0
Ошибочно нажала неприятный запах,0
Выражаю благодарность водителю за сервис,0
отличный водитель и машинка,0
Отличный водитель,0
Комфортная поездка,0
Ошибся номера на машине не видно,0
Очень приятный парень [SEP]  Вежливый и ещё судя по разговору он учится на ошибках поэтому обратная связь ему всегда важна,0
Да в целом все гуд,0
Водитель хороший разговоривает учтиво и пытается угодить [SEP]  Но водит дёргано а также приехал на совсем другой машине с другими номерами,1
Водитель не был пристёгнут во время поездки разговаривал по телефону а также открывал окно и на ходу одной рукой чистил от снега дворники,1
Марка модель и цвет соответствуют,0
У автомобиля плохо работают дворники это ухудшает обзор водителю,0
Очень доброжелательный и общительный водитель [SEP]  Указала плохой запах в машине случайно не туда кликнула [SEP]  Поездка на 5 из 5,0
Очень вежливый хороший водитель,0
Маску нужно носить правильно а не на подбородке,0
Номер е302но799 зелёная киа рио,0
Нет оклейки ГОСТ и шашечки,0
Все хорошо,0
Номер н625рт799,0
Была удивительно чистая машина [SEP]  Прям блестела,0
Прекрасный водитель,0
Поздновато закрыл заказ после моего напоминания в чате,0
Молчал и не поздоровался не попрощался,0
Буквы номера неверные верные буквы УСЕ,0
Приятное общение с водителем комфортная поездка,0
Водитель смотрел YouTube во времени поездки,1
Прекрасный водитель,0
Просил продиктовать адрес для его яндекс навигатора а потом поехал не туда и потеряли полчаса времени,0
Хороший водитель,0
Все хорошо,0
Зарядил телефон [SEP]  Все приятно,0
Все быстро и четко,0
На машине никакой атрибутики такси небыло,0
Водитель не пристегнут также эмоционально и нецензурно выражается по поводу ситуации на дороге,0
Поставил у себя некорректную точку в навигаторе и жаловался почему я указываю ему правильный путь,1
блин про запахи янаврал,0
Буквы номера не совпадают нвт,0
Пусть все водители будут такими же ненавязчивыми,0
Номер был другой к сожалению такой «в769не790» но спасибо водителю за то что торопился чтобы я успела на поезд у самого входа вокзала остановился,0
Водитель хороший и чистое авто ❤️,0
Приятный аккуратный вежливый водитель,0
Водитель изначально приехал по неправильному адресу и пришлось ждать его еще 10 минут,0
отвлекался на телефон,0
Водитель очень располагает к себе,0
Был недоволен что вышел не сразу из дома,0
очень медленно едет не пользуется выделенной полосой,1
Хороший водитель,0
Грязная машина такое только в эконом,0
Грязно в салоне,0
вежливый водитель,0
Комфортная поездка,0
Ехала девушка водитель вышел из машины снял демонстративно куртку а потом полдороги разговаривал по телефону на своем языке,1
Прекрасный водитель,0
Очень холодно в машине,1
Прекрасный водитель,0
Водила встал прямо на разделительной полосе посреди дороги и ждал там потому что не хотел разворачиваться к точке заказа [SEP]  Опыт посадки в такси посреди оживленной трассы незабываемый,1
Превосходный водитель 5,0
По ошибке указал что машина грязная,0
Вежливо общался сам написал где его искать даже подогрев в машине включил только для ножек чтобы они не замёрзли и душно не было,0
Все хорошо комфортно доехали,0
Брендирование Яндекс,0
Очень чистая машина [SEP]  Обклеена яндексом,0
Водитель завершил поездку за три минуты до адреса доставки но мы доехали [SEP] все нормально [SEP] видимо хотел убедиться об оплате поездки,0
Очень хороший водитель 5 звёзд,0
Любезно все манера вождения аккуратная салон чистый,0
Не пропустил скорую,0
Машина яндекса хороший плейлист,0
Отличный водитель,0
Все хорошо,0
Говорил по телефону часть пути,0
Водитель миниатюрная девушка [SEP]  Респект [SEP]  На голову выше всех среднестатистических водителей,0
бампер у машины не в цвет кузова [SEP]  Остальное все хорошо,0
Смутило то что номер не совпадает,0
Все отлично,0
Другой номер авто,0
Кузов целый без повреждений,0
часто отвлекался на телефон [SEP]  не пристегнулся,0
Все отлично приятный собеседник,0
Все отлично,0
1 я случайно нажала «да» на вопросе «в машине есть неприятный запах» [SEP]  Нет неприятного запаха 2 вроде бы водитель нормально ездит но так спешил в такую ужасную погоду что не смог вовремя остановиться и проехал поворот,0
Отличная машина отличный дружелюбный водитель поддерживает но не навязывает разговор ведет аккуратно образец таксиста,0
все по радовала,0
все хорошо,0
Предупредил заранее где остановился на точке посадки камера помог сесть пожилому человеку,0
Агрессивная манера вождения водитель пренебрегал правилами дорожного движения несколько раз спровоцировал аварийную ситуацию постоянно сигналил другим участникам движения,1
Буквы не совпадают [SEP]  Верные буквы нвт,0
Водитель огонь но с нами только потому что его заблокировал Яндекс из за дтп лёгкое повреждение бампера сегодня утром ,0
номера корректные [SEP]  я ошибся и случайно нажал,0
Высадил за 10 минут до конечной точки аргументировав это тем что во дворах застрявшая машина и много снега [SEP]  По факту никакой машины впереди не наблюдаю [SEP]  Большая просьба сделать так чтобы в нашем сервисе его не было очень холодно было идти,1
Отличный водитель,0
Все хорошо,0
Случайно отметила что машина грязная или повреждённая,0
Водитель отказался подвозить к подъезду хотя с этим не было никаких сложностей,0
Аккуратный водитель,0
Записывал голосовые во время поездки,1
Резко тормозил несколько раз возможно это связано с погодными условиями,1
ручка оторвана на машине [SEP]  левое пссажираское наружняя ручка,0
В салоне все же пахло Всю дорогу с кем то общался по вилео связи,0
вроде бы водитель ничего плохого не сделал но были вещи которые смущали 1 подпевал песни нам это было слышно 2 достал при нас что то из бардачка и рвал какие то бумаги,1
Очень вежливый,0
Хорошая и приятная поездка,0
Ошибся в ответе с запахом и повреждениями [SEP]  Там все ок,0
Вежливый водитель спокойный стиль езды 5 звезд,0
Машина яндекса,0
Закурил без предупреждения  [SEP]  Привёз сначала не туда,0
Номер Машины другой,0
Все ок,0
Показалось или нет что в салоне пахло сигаретами,0
Музыка в стиле «восток фм» не очень плюс в авто было холодно [SEP]  Попросила сделать потеплее Водитель что то включил но как будто неисправен обогреватель,0
В машине плохих запахов нет,0
Остальное все хорошо,0
Привёз не к той стороне дома пришлось обходить,0
Смутило как только я сел в такси увидел что водитель не пристегнут,0
Через чур навязчивый водитель,0
Очень вежливый и приятный водитель,0
Все хорошо,0
все ок,0
Не те буквы в номере а м правое боковое зеркало замотано скотчем,0
Нет все отлично,0
Смутил другой номер,1
Оч приятный и профессиональный водитель мое уважение,0
Очень добрый и хороший водитель все в общем хорошо₽,0
На протяжении всей поездки водитель записывал голосовые сообщения и прослушивал голосовые сообщения от своего собеседника [SEP]  Вообщем водитель был сосредоточен на своём телефоне а не на дороге,1
ворчал и ругался из за нечищенных дорог и камер а так ок,0
Спрятаны ремни безопасности,0
запах приемлемый,0
Все ок,0
Водитель очень вежливый,0
Быстро подал но геопозиция не корректно отображалась,0
Не уверена но вроде бы не работал ремень безопасности сзади справа,0
Странно что на автомобиле не было опознавательных знаков такси хотя номер и марка совпадали,0
Все хорошо поездка была очень комфортной в машине очень чисто,0
Постоянно говорил по телефону сигналил другим водителям такси и матерился,0
Все было супер,1
При посадке остановился на проезжей части а не у бардюра,0
Что авто другое,0
Все супер,0
В общем и целом все нормально но 1 водитель слушал голосовые сообщения при мне 2 созванивался с кем то по видеосвязи тоже при мне без наушников,0
Всю дорогу играла прям достаточно громко музыка Мне это не мешало в целом Но смутило что водитель не уточнил сделать ли тише и вообще мешает ли мне И музыка играла максимально на любителя И водитель на минут 5 7 раньше завершил поездку А так в целом все хорошо,0
Машина была брендирована как Яндекс такси а не Ситимобил,0
Водитель абсолютно не знает что такое тактичность,0
Все достойно,0
Все ок,0
Всю дорогу залипал в телефон был без маски [SEP]  Постоянно разговаривал по телефону в дороге,1
Вроде нормально вел но сзади укачало,1
Ваш водитель по телефону орал матом на свою девушку угрожал ей расправой и преследованиями это какой то,0
Забрал немного не там нажал что прибыл на место раньше врмени,0
Цвет машины не совпадал указан белый а был чёрный,1
Все ок кроме номеров [SEP]  Неприятного запаха в машине нет,0
Ничего особенного [SEP]  Все было в норме [SEP]  Спасибо,0
Только то что разговаривал по телефону во время поездки,0
Все хорошо,0
Аккуратный водитель [SEP]  Когда забирал остановился чуть раньше точки и переспросил об этом когда я садилась [SEP]  Когда подъезжали к месту назначения тоже уточнил место остановки было два варианта куда можно было свернуть оба привели бы к пункту назначения но только один с выбранной стороны,0
Номер все таки не совпадает отличаются буквы,1
Прекрасная поездка водитель и машина отличные,0
Случайно поставила что машина чистая [SEP]  Машина грязная,0
Хороший водитель вежливый,0
Отличный водитель,0
В целом доволен поездкой,1
Очень сильный запах в салоне,0
Замечаний нет,0
Во время движения водитель неоднократно говорил по телефону и обсуждал как возможно работать с двух аккаунтов,0
Ну это мягко говоря не комфорт,0
Все хорошо,1
Приятный разговор,0
Хороший водитель,0
Все чудесно,0
Водишь даёт поставить музычку,0
Хороший водитель,0
Всё хорошо,0
Машина чисто белого цвета без ГОСТ оклейки,0
встал далеко от места подачи,0
Надел маску в процессе поездки,0
Все замечательно,0
Все ок,0
Прекрасное общение,0
Водитель шикарный [SEP]  Весёлый ответственный и хорошо знает Москву,0
Невероятная сигаретная вонь в салоне ехать было возможно только с открытым окном,0
Все в порядке,0
все ок,0
Приятный и вежливый водитель,0
Ему бы город изучить и маршруты заезда в аэропорт,0
Я случайно отметила что зараз неприятный [SEP]  На самом деле все ок,0
Очень опасное вождение 120 на мкаде по скользкой дороге,1
Водитель обиженный жизнью вредный дядька [SEP]  В дорогу бухтел как ему тяжело живётся,0
Ужасный водитель,1
Отличный водитель,0
Подменный номер,0
Не помог открыть богажник,0
Вежливый и приветливый водитель,0
Водитель ехал вместо 3 минут 20 минут кружась вокруг,1
Водитель супер [SEP]  Очень приятный,0
Отличный водитель,0
Водитель указал что прибыл на место раньше чем приехал,0
Очень грязная машина,1
Такси было в оклейке Яндекса,0
Все было хорошо [SEP]  У машины есть небольшие повреждения склеенные монтажным скотчем,0
Машина не подходит под комфорт по состоянию и чистоте,0
Водитель был в маске все ок,0
Нас было трое и водитель не разрешил сесть на переднее сиденье хотя это комфорт,0
Машина в плохом техническом состоянии,0
Авто с очень большим пробегом и в салоне слышно как на каждой кочке стучит подвеска страшновато даже,0
Очень быстро разгоняется и не аккуратно водит,1
Очень хорошая манера вождения,0
Все хорошо,0
Очень вежливый,0
Подлог,0
Хорошо,0
Вежливый водитель,0
Подал машину далеко нужно было идти до неё не отменил платное ожидание,0
Машина с обклейкой Яндекса,0
Хороший бодрый парень,0
Водитель вежливый но в машине пахло сигаретами кому то это может не понравиться,0
Смутило то что водитель считает что ситимобил наполовину принадлежит Яндексу наполовину сбер [SEP]  То что вместо Яндекса такси владеет майл он мне не поверил,0
Водитель очень плохо водит [SEP]  Укачало в машине резко останавливался или медленно едет,1
Буквы грз не совпадают,0
Все супер,0
Цвет машины светло серебристый но в темноте не совсем понятно,0
Ехал до меня более 20 минут,0
Водитель позвонил чтобы уточнить какой подъезд для максимального комфорта подачи авто,0
вежливый водитель,0
Замечательный водитель,0
Водитель ехал без навигатора поехали более длинной дорогой,0
Очень долго ехал,1
Все хорошо,0
Сидел а телефоне,0
Приехал не на точку [SEP]  Пришлось искать [SEP]  Проехал на красный свет,1
Очень разговорчивый и приятный водитель,0
Разговаривал по телефону,0
Водитель был непристегнут всю поездку ждал не на точке заказа и поехал не в ту сторону поездка заняла на 20 минут больше,1
Приятная тетенька водитель,0
Подъехал на другую сторону дороги я пошел к подземному переходу и позвонил попросить выключить платное ожидание спокойно объяснил ему что он остановился через дорогу но ничего я сам перейду отключите платное ожидание только в ответ он мне начал грубить говорить что подъехал он все правильно а я вообще сам не знаю куда вышел еще и прошу его о чем то в общем испортил настроение наорал но хотя бы до дома довез а это извините комфорт плюс,0
Машина была не та что в заказе [SEP]  Фактический номер был х735ха регион не запомнила цвет серый киа модель скорее всего Рио,1
ел картошечку из Макдональдса,0
Всю дорогу ругался с поддержкой по поводу стоимости поездки [SEP]  Не смотрел на дорогу а толтко в 2 телефона находу создал несколько предаварийных ситуаций [SEP]  На дороге вёл себя агрессивно сильно разгонялся резко тормозил [SEP]  Постоянно выспрашивал у меня детали оплаты поездки ругался и ворчал [SEP]  Настроение испортил,1
Милый дедушка [SEP]  Вежливый,0
попался второй раз этот водитель очень приветливый и хороший,0
Построил маршрут чтоб поехать на заправку  [SEP]  Я отказала ,0
«Нет» тыкнулось случайно [SEP]  Всё в поездке было хорошо,0
Прекрасный терпеливый водитель,0
Ошибся номер совпадает,0
Расстраивает что ездит по третьему кольцу а не по улицам с полосой,0
Навигатором пользоваться не умеет регион 799 а не 750,0
Очень классный водитель премию такому,0
Это фургон комфортом и не пахнет водит стрёмно,1
Запах пота и тряска на каждом лежачем полицейском в остальном ок,1
Хорошая комфортная поездка,0
Все хорошо,0
У водмтеля не работает приложение [SEP]  Он дважды проезжал мимо меня при подвче в итоге ехал около15 минут [SEP]  А также проехал точку выскдки,0
Единственный недостаток водитель включил ожидание раньше чем подъехал,0
Одел маску на середине пути все ок,0
Оторвалась ручка от двери,0
Все ок,0
Водитель надел маску через несколько минут после начала поездки поэтому отрицательный ответ о присутствии маски выше просьба не учитывать,0
Внутри салона не очень чисто [SEP]  Хоть я заказывала эконом а ко мне приехала по волшебству «машина повышенного класса» то могу сказать что это явно не комфорт класс [SEP]  Ни по поведению водителя ни по марке машины ни по ее чистоте [SEP]  Для эконома норм для комфорта нет,0
Водитель остановился не у нашего офиса и сказал ну это бизнес зона и так ок,0
Начал гнаться за другим водителем махать руками,1
Нормальный водитель,0
Очень приятный водитель крайне вежливый и внимательный,0
Беда с навигацией,0
Я бы не хотел с ним больше ездить,1
1 [SEP]  Приехал не на точку [SEP]  Возможно ошибся адресом [SEP]  Списали платное ожидание пока он искал меня 2 [SEP]  В приложении нельзя было посмотреть где водитель 3 [SEP]  Попросил заправиться [SEP]  Я возразил что спешу на самолет [SEP]  Но тем не менее водитель очень настойчиво требовал чтобы мы в поехали на заправку 4 [SEP]  Не завершив мой заказ водитель принял следующий через Яндекс [SEP]  Вместо того чтобы выслушать где мне удобнее выйти звонил следующему пассажиру и договаривался [SEP]  5 [SEP]  Был без маски [SEP]  Промахнулся по кнопке,1
Все прекрасно,0
Номер был х198са777 но водитель очень приятный,0
Очень странный маршрут [SEP]  Вообще ехал в другую сторону [SEP]  Сначала проехал точку и вместо 1 минуты ехал минут 10,1
Водитель не понимал как ехать пришлось помогать,1
Позитивный водитель,0
Все хорошо поездка комфортная,0
Все ок,0
Все отлично,0
Далеко подача,0
снова номера не совпадают буквы ЕВМ эта машина уже была пару заказов назад правда с другим водителем видимо таксопарк мутит что то,0
Вежливый водитель,0
Хороший водитель кандидат в мастера спорта по плаванию,0
Очень сильно воняет потом машина супер грязная,0
Водитель не приехал к месту назначения встал в другом месте и я искала его 7 минут,0
Водитель надел маску попросил пристегнуться приятная беседа,0
Больше нечего рассказать,0
Все хорошо,0
В оклейке яндекса номер 950,0
Водитель всю дорогу разговаривал по телефону,0
Салон машины не соответствует классу «комфорт» [SEP]  Мало места ехать было очень дискомфортно несмотря на мой небольшой рост [SEP]  Поэтому считаю что цена поездки на такой машине завышена [SEP]  Этот автомобиль соответствует классу «эконом» и не более того,0
Хорошо доехали было очень комфортно,0
Водитель засыпал,1
Запах тяжёлый в салоне бензина,0
Грязно в салоне посреди заднего дивана два грязных слежу от нога,0
Водитель приехал не на точку вызова пошло платное ожидание пока дошли,0
Все хорошо,0
Всё прошло хорошо,0
все норм но к сожалению опять буквы номера не совпадают УЕВ вместо СНВ,0
Вежливый,0
Водитель поздравил с наступающим,0
Агрессивная манера вождения просьба проверить,1
Водитель был в маске не заметил отличный водитель,0
Другие номера у машины цифры совпадают а буквы — нет,1
Авто без оклейки ГОСТ и шашки,0
Водитель завершил поездку когда до точки было ещё 10 минут [SEP]  Он не выгонял довез нас до места но это странно,0
Отличный водитель,0
музыка негромкая вежливый,0
Все хорошо,0
Вызывали машину на Ленинградский вокзал водитель включил машина подана даже не въехав на парковку перед вокзалом в итоге накапало платное ожидание [SEP]  Мелочь но неприятно,0
Сзади нет ремня на одном из сидений,0
Нормально,0
Очень много сигналил за столь короткую поездку раз 40 нажал,1
Все ок,0
Не пропустил пешехода перестраивается в опасной близости от других ТС,1
Хороший водитель я хотел выйти подальше чтоб ему во двор не надо было заезжать он сообщил что ему не сложно и довезёт куда нужно,0
На заднем сидении термокружка чья то каталась,0
Вежливый водитель,0
Каким то образом он смог поставить режим ожидания как только взял заказ [SEP]  19 минут вместо обещанных 6 он ехал до меня и за все это я заплатил,0
В целом могло быть хуже,1
Очень приятный человек развил интересную ненавязчивую беседу,0
Сори запах норм,0
Водитель норм но включил ожидание раньше чем приехал на место и из за неточности в геолокации пришлось ещё ждать его,0
Всё хорошо,0
Все хорошо,0
Без оклейки ГОСТ,0
на полу машины тарифа комфорт лежат картонки выглядит убого,0
Все хорошо,0
Обулейка яндекса,0
Обклейка Яндекс,0
Приехала белая Оптима е092со,0
В машине пакет с мусором и машина совсем не та что в приложении,0
Не порадовало — привёз каким то непонятным маршрутом под шлагбаумы в итоге до места не доехала пришлось доходить пешком что я по морозу с тяжёлым рюкзаком не очень рада делать,0
Какой то он слегка хамоватый но не сказать чтобы прямо уж «некорректное поведение»,1
Хороший вежливый водитель,0
Отличается гос [SEP]  номер ГОСТ оклейки тоже нет машина в очень плохом состоянии по ходовой части [SEP]  П [SEP] с [SEP]  По ошибке указал что номер верный,0
Все хорошо,0
Неприятный запах возможно курение и не очень хорошее радио но это не так важно,0
Все отлично,0
Грубый,0
Все ок,0
Водитель молчал и смеялся над нашими упоротыми шутками классный комфортный водитель,0
Тупое радио приехал не туда сначала не поздоровался,0
Не то чтобы что нибудь случилось но это была далеко не самая комфортная поездка [SEP]  Не хотелось бы чтобы водитель ко мне еще раз приехал добавьте пожаоуйста в нежелательные [SEP]  Просто ехал так что меня очень сильно укачало аж плохо стало [SEP]  А беседа вроде непринужденная но чувствовала себя очень дискомфортно [SEP]  Рассказывал что жил в соседнем доме начал спрашивать в какую школу ходила [SEP]  Узнав что приехала из другого города сказал «понаехавшая» [SEP]  Вроде и ничего такого но осадочек остался,1
Все отлично приехал на предзаказ ожидал довёз аккуратно,0
Хороший спокойный водитель,0
Гоняет пролетает светофоры на желтый не комфортно и не безопасно,1
Накурено в салоне,0
Все хорошо,0
Поездка комфортная но кузов автомобиля грязный для сухой поездки,0
Водитель все же надел маску через минуту после того как я ответил боту что он без нее,0
Этот водитель с 83 года в такси он профессионал считает что нам нужно лучше работать с водителями инструктировать сертифицировать помогать и воспитывать пассажиров им можно все а у водителей прав нет считаю нужно прислушаться Айдар хороший,0
Реальный номер у396ма799,0
Вежливый молчаливый водитель Жалко что собрали все светофоры,0
Все ок,0
Очень плохая манера вождения резкие изменения скорости и маневры,1
Вроде все,1
Иы ехали не по навигатору пропустили поворот пришлось выйти не доехав 200 метров до точки,0
О,0
Номер авто который приехал не совпадал с указанным в приложении,1
Все хорошо,0
Очень приятный водитель,0
Быстро,0
Первоначально был назначен один водитель машина м823хн в сообщение написал что номер другой далее переназначился корректный авто по классу с номером ок497 поездка прошла хорошо,0
Водитель отличный водит хорошо машина чистая ухоженная [SEP]  Треснут слегка задний бампер [SEP]  А вот буквы на гос номере не совпадают,0
Все было хорошо [SEP]  Очень вежливы водитель в белой рубашке [SEP]  В машине очень хорошо пахло,0
Маску водитель надел минут через 5 так что все хорошо,0
Другие номера,0
Комфортная поездка,0
Машина вся грязная и снаружи и внутри,0
Маску надел все ок,0
Очень быстро ехал резко газовал и тормозил,1
Водитель слабослышащий [SEP]  Удивляет что сервис об этом не предупреждает [SEP]  Часто это ставит пассажира в крайне неудобную ситуацию [SEP]  Но это вопрос не к водителю а к сервису [SEP]  Водитель прекрасный,0
Замечательный водитель,0
Все хорошо,0
Не хотел брать меня с длинномером,0
Смотрит на смартфоне выступление Эрдогана всю дорогу,1
Прекрасный водитель,0
Машина другого цвета вместо белой приехала серебряная,0
Нет оклейки ГОСТ,0
Грязный салон,0
Отличная музыка,0
Приятная поездка,0
Водитель закончил поезду за 3 минуты до того как действительно довез меня до точки,0
Ел пил и пердел пока ехали,0
Все ок,0
Водитель очень долго рассуждал на тему того в каком плохом районе я живу в остальном все ок,0
Очень приятный водитель,0
Потрясающий водитель,0
Подложные номера,0
Все хорошо,0
Разговаривал по телефону во время движения,0
Подлог,0
Все отлично спасибо [SEP]  попросила немного изменить маршрут и вышла раньше,0
Всё хорошо,0
Отличный водитель,0
Все хорошо,0
Водитель не довез до точки остановился где ему было удобно [SEP]  Было очень жарко на просьбу уменьшить печку сказал что не может печка была исправна с его слов,1
боялся камер видимо и пару минут медленно уезжал от меня не могла нормально сесть в машину,0
Номера совсем грязные ничего не видно,0
Всё хорошо,0
Хороший водитель,0
Нельзя заднее окно из за наклейки тонировки [SEP]  Водитель много матерится на других водителей,0
Все супер приятный водила,0
Больше нечего сказать,0
Очень рваная манера езды,1
Поставил «на месте» хотя по факту еще ехал к нам,0
Знание района,0
Хороший водитель,0
Опасное вождение кричал в окно на другого водителя,1
Доехали по правилам но быстро и аккуратно [SEP]  Все супер [SEP]  Водитель помог вытащить багаж,0
Водитель делал видеосозвоны в вотсапе во время поездки был без маски просил оценку,1
Водитель чистил уши во время поездки,0
Все,1
В салоне неопрятно неаккуратно,0
Ужасно накурено [SEP]  Но сам водитель ок,0
Круто водит [SEP]  Мягко [SEP]  Резко не тормозит плавно разгоняется [SEP]  Очень приятная поездка,0
Хороший водитель,0
Водитель не пристегнут,1
Пристегнуться бы водителю не помешало,0
Странно что в комфорт плюс у человека на всю громкость играет странная фигня по радио и он даже не спрашивает не предлагает ее убавить или ок ли она вообще,0
Вежливый и в хорошем настроении водитель приятно,0
Маска приспущены обматерил другого таксиста,0
Всё хорошо,0
Не совпадает цвет машины,0
Сначала приехал не по адресу потом поехали по странному маршруту вкруг,0
Доброжелательный хорошо поговорили,0
Машина не оклеена по ГОСТу [SEP]  Возможно нет лицензии или подлог номеров,0
очень классный водитель,0
Всю дорогу разговаривал сам с собой на своём языке,1
Все супер ,0
Картонки на ковриках,0
Сильно укачивает резко тормозит и качает при езде едет агрессивно слушает радио шансон просил покурить в машине [SEP]  Это не комфорт это хуже чем средний эконом ,1
Приятный вежливый водитель,0
Мы ехали саааааамым долгим путём [SEP] просто максимально неудачным,1
Надо добавить варианты не знаю на вопросах про номер и марку машины [SEP]  Или вариант уточню в конце поездки,0
Отличный водитель,0
Отвратительный водитель,1
Отсутствие шашек на крыше хотя я заказывал машину с возможностью ездить по полосе,1
Хороший водитель,0
Водитель с хорошим чувством юмора,0
Очень хороший водитель,0
Цвет был серебристый Номер в905ев147,0
Хороший водитель [SEP]  Кепка олимпийка Адидас и очень вежливый,0
Очень хороший водитель,0
Нет оклейки ГОСТ,0
Не здравствуйте не до свидания пришлось ждать возле машины водителя салон грязный внешний вид ужасный предлагал выйти не в той точке куда указан адрес доставки якобы крутиться ему долго  [SEP]  Ужасная поездка,1
Водителей очень неаккуратно орал что не поедет за такую цену,1
Очень ухоженная машина,0
Все было отлично [SEP]  Побольше таких водителей,1
Номер автомобиля был другой оставил комментарий в приложении [SEP]  Также машина была грязная и правый передний бампер со следами потёртости и краски надо полагать другого автомобиля,0
Модель машины Ford Focus не похожа на машину комфорт класса [SEP]  Салон тесный и узкий [SEP]  Мой рост 167 см и мне ноги поставить некуда было [SEP]  Что говорить о более высоких пассажирах [SEP]  Какой же это комфорт если приходится складываться пополам [SEP]  Конкретно в этой машине салон был еще и грязный [SEP]  В машине что то барахлило во время езды [SEP]  Было ощущение что едешь в разбитой шестерке [SEP]  Это точно не комфорт класс [SEP]  Обратите внимание я уже не первый раз пишу именно об указанной модели машины [SEP]  Она не комфортна для поездок [SEP]  Даже в эконом классе есть более комфортные автомобили,1
У меня не правильно определилась точка местоположения водитель без лишних уговоров доехал до моего фактического местоположения,0
Все понравилось,0
Водитель очень классный вежливый  [SEP]  Спросил есть ли пожелания какие какую музыку включить [SEP]  Прям как в бизнес классе  [SEP]  Такой позитивной поездки не было давно  [SEP]  Респект этому водителю,0
Всем довольна,0
Очень вежливый и приятный Водитель,0
На машине не было шашечек и фонаря не было атрибутики такси,0
Приветствие клиента было бы не плохо  [SEP]  Когда с клиентом не здороваются и не прощаются ощущения не из приятных,0
Небезопасное вождение водитель все время сидел в телефоне пропустил пару раз нужные повороты поездка из за этого увеличилась минут на 15 20,1
Смотрел сериал,0
Отличный водитель,0
Машина чистая но много царапин [SEP]  Поэтому ответ нет про повреждения,0
накурено немного,0
Буквы в номере не совпадают с приложением [SEP]  Цвет не белый а серебристый,0
Водитель в середине поездки надел маску сам,0
Очень приятный и вежливый водитель,0
Машина без опознавательных знаков такси,0
смутило что говорил по телефону во время езды,0
Водитель чудесный [SEP]  Очень вежливый корректный внимательный [SEP]  Автомобилем управляет божественно в общем крутой дядька ❤️,0
Вод [SEP]  вежливый внимательная уравновешенная манера вождения,0
Все остальное ок,0
все супер,0
заказывал не себе не могу ответить,1
На заднем сиденьи отсутствуют или спрятаны ремни безопасности [SEP]  Пристегнуться возможности нет,0
Заказ завершил раньше времени [SEP]  Во дворах стал спрашивать дорогу [SEP]  Перед машины битый задний бампер на соплях салон убитый [SEP]  Водит товарищ тоже опасно,1
Водитель приехал изначально не в ту точку куда я заказывала [SEP]  Пришлось по телефону вести его район он тоже не знал и не мог сориентироваться,0
Всю поездку водитель пытался открыть окно после замечания закрыл [SEP]  Однако на остановках светофора все равно открывал,0
Нет оклейки ГОСТ и шашечек,0
Классный водитель,0
Ошибочно поставил нет в вопросе с запахом,0
Вежливый водитель маску надел через пару минут после начала поездки все понравилось,0
Комфортная поездка,0
Водитель оптимизирует свой маршрут по дистанции даже если маршрут дольше намного выходит,0
Водитель всю дорогу жаловался и злился зачем он взял заказ в этот район,0
В машине предлагаются конфетки,0
Водитель обращался на ТЫ называл дружищей [SEP]  Приехал не на адрес проехал мою конечную точку просил подсказать дорогу,0
Водитель кормит конфетками,0
Водитель маску надел когда поехали [SEP]  Отметил неверно,0
Очень вежливый увидел что у меня с собой была коробка подъехал максимально близко к дому чтобы мне было удобно,0
Все хорошо,0
Все хорошо,0
Машина в оклейке Яндекса,0
Очень крутой водитель [SEP]  Но с Таджикскими правами и без лицензии [SEP]  Но очень любит свою работу помогает людям в сложных ситуациях и хорошо говорит по русски [SEP]  Помочь бы ему с нормальными правами и лицензией [SEP]  Рассказал пару историй что его кидали на деньги при попытке сделать права нелегальными способами,0
Чудесная поездка,0
Не пристегнулся,0
Надел маску чуть позже,0
Забрал не из той точки чуть чуть,0
Очень хороший водитель [SEP]  Побольше бы таких,0
Отличный водитель помог с грузом в багажнике,0
Уве буквы на номере были,0
Водитель приятный искренний и честный ,0
Водитель агрессивно водит,1
Водитель супер,0
Очень вежливый и приятный водитель,0
Номер все таки не тот [SEP]  Цифры совпали буквы нет,0
Манера вождения водителя была небезопасной [SEP]  В машине пахло просто ужасно либо водитель болен либо в машине что то гниет,1
Чудесный водитель,0
Все норм,0
Просил отменить заказ и чтоб я оплатила ему на карту,0
Сказал что такую молодежь как я надо воспитывать и пороть ремнем,0
Водитель очень нервный езда агрессивная,1
Случайно отметила что в машине пахнет ок пахло сильно куревом,0
Дважды чуть не попали в дтп,1
Все хорошо,0
Громко играет унылая музыка и навигатор громкий комфорт плюс из за этого катко не комфорт,0
Водитель все дорогу переписывался в ватсапе [SEP]  Ладно бы в телеграме но ватсап в 2к21 это зашквар,1
Водитель не был пристегнут и периодически смотрел на меня вместо того чтобы смотреть на дорогу [SEP]  Было приятно но не безопасно,0
Поездка была предварительная время начала ее еще не настало но водитель звонит и говорит что я должен торопиться,0
Отличный водитель,0
Н801те799 номер разбит задний бампер,0
В машине есть наборы конфет водитель предложил угощаться [SEP]  Но не это больше порадовало а то что водитель завернул на стоянку и там остановился [SEP]  Обычно таксисты останавливаются возле ТЦ и создают помехи другим водителям [SEP]  На дороге чувствует себя уверенно [SEP]  Не создавая опасных ситуаций очень грамотно объезжал заторы не нарушая правил,0
Порадовал стиль общения,0
В первом вопросе случайно нажала «нет» с машиной все ок,0
Цифры номера такие же а буквы вроде сас или что то на «с»,0
Очень хороший попался водитель,0
даже оставила чаевые водитель очень вежливый и внимательный,0
Водитель надел маску в процессе поездки,0
Все хорошо,0
Пропустил 3 поворота уехали в другую сторону,1
Грязная машина запах неприятный вождение водителя некомфортное,1
Супер [SEP]  Водитель помог все донести почти до квартиры,0
Часть дороги водитель сидел в телефоне что не очень здорово,1
Водитель после начала поездки надел маску поэтому ответ выше просьба не учитывать,0
В действительности белая Шкода о176рм777,0
Машина битая в бок внутри пахнет сигаретами водитель возмущался что оплата по безналу ругался на навигатор,0
Нажал «приехал» не подъехав к точке,0
Все хорошо,0
Гос номер другой т317мк71 ,0
Очень комфортная поездка [SEP]  И отличный сервис,0
Нравится машинка,0
Все хорошо,0
Очень опаздывала на пары попросила водителя как нибудь побыстрее доехать приехали вовремя,0
можно в повышенные классы рекомендовать,0
Хороший водитель,0
Сидит в телефоне во время поездки не пристегнут завершил заказ раньше чем доехал,0
Хороший водитель,0
Водитель на протяжении всей поездки почти не смотрел на дорогу постоянно был в телефоне звонил кому то переписывался видео смотрел и тд,1
По мобиле говорил всю поездку в наушниках,1
Резко тормозит и разгоняется [SEP]  Не показывает поворотники опасно подрезает [SEP]  Ехал не пристегнутым и без маски,1
Очень приятный водитель внимательный помог при посадке,0
Номер залеплен снегом и не читается,0
Маску водитель надел,0
Приятный водитель обходительный ,0
Прокуренный салон,0
Машина просто грязная,0
Пример идеальной поездки и оснащения машины,0
Не касаемо поездки почему у меня не накапливается больше 1105 баллов,0
Добрый вечер Я вижу что водитель поставил ожидание в тот момент когда он еще подъезжал к вокзалу [SEP]  Мы ждали его около парковки [SEP]  Как только он подъехал — мы сразу же загрузились [SEP]  Я вижу что поставил на оплату платное ожидание [SEP]  Можете пожалуйста помочь,1
Во всем отличный водитель но превышал скорость,1
Номер машины другой т212ов799,0
Классный водитель,0
Замечательный собеседник,0
Пахло сигаретами в машине,0
очень вежливый и приятный человек,0
Разговаривал по телефону,0
Все супер  [SEP] приятное такси,0
Агрессивное вождение ругань матом,1
Ужасно вел машину,1
Едет 45км в час очень медленно и тупит при перестроении,1
Водитель включил на месте ДО подъезда на точку А после звонка с вопросом вы где почему включено ожидание пообещал что ожидания не будет но минуту ожидания в финальный чек включил [SEP]  Вообще мутный чувак по пути взял еще один заказ и отменил хорошо бы присмотреться на предмет фрода [SEP]  Мой заказ https city mobil [SEP] ru taxiserv order 1986662963,0
Комфортная поездка,0
Очень хороший водитель,0
Очень некомфортная манера вождения постоянно обгонял участников движения ему несколько раз сигналили он резко тормозил неоднократно не пристегнут без маски и на автомобиле с большой вмятиной сбоку [SEP]  На мой взгляд все очень не соотвествует тарифу Комфорт,1
Подал машину за 500 метров до меня [SEP]  Фактические ещё ехал все 3 минуты ожидания,0
Я еще еду но водитель завершил поездку,1
Очень приятный водитель,0
Машина новая чистая приятная водитель вежливый,0
Водитель постоянно спрашивал дорогу смутило [SEP]  Перебивал разговор и спрашивал куда ехать хотя у него должен быть навигатор,0
молчаливый не ставил громкой музыки вежливый,0
Ехать было Овер стрёмно [SEP]  Водителя метало на соседние полосы постоянно какие то экстренный повороты с механикой,1
Все прекрасно,0
Машина брендирована под Яндекс такси,0
Очень приятный вежливый водитель чистая машина,0
Номер машины грязный еле удалось разглядеть цифры,0
Водитель явно выглядел уставшим [SEP]  Пропустил несколько поворотов и с трудом управлялся с навигатором,1
Это опасный водитель [SEP]  Несет угрозу пассажирам [SEP]  Рассказывает истории как он гонялся на скорости 230 [SEP]  Предлагает экстрим в открытую,1
Быстрая манера вождения [SEP]  Сумку маленькую попросил убрать в багажник,1
Водитель полез в бардачок в это время дорога освободилась [SEP]  Я ему сказал что нужно ехать после этого он предложил мне самому сесть за руль,1
Бренд Яндекс,0
Веселый водитель,0
Странно ехал к подаче получилось долго,0
Очень ок корректный аккуратный водитель,0
Реальный номер м726от750,0
Порадовала быстрая подача автомобиля обычно машину невозможно найти,0
Великолепный водитель [SEP]  Радио Релакс фм он в пиджаке есть вода жевачка антисептик ❤️ зарядки в доступе,0
очень классная поездка,0
Есть не понимание такси это или просто белый авто [SEP]  Шашек нет наклеек нет,0
Сегодня радует быстрый поиск автомобиля,0
Нервный неадекват,1
Вежливо и быстро,0
Отличный водитель,0
Водитель не был пристёгнут,0
Не было зеркала заднего вида,0
В машине стоял очень резкий неприятный запах от водителя [SEP]  Списал деньги за ожидание которого не было,1
Водитель как то слишком агрессивно отнесся к тому что точка подачи машины была выбрана точкой на карте а не вбита адресом,0
по ошибке поставил Нет в вопросе про запах в авто с запахом всё ОК,0
С левой стороны машины на пассажирской двери оторвана ручка,1
У водителя похоже нет лицензии,0
Нечего больше добавить,0
Ощущения что эконом был,1
Я еще еду до места не доехали,1
Небезопасное вождение [SEP]  Шашечник  [SEP]  Перестраивается на носу у других участников движения не держит безопасную дистанцию [SEP]  Резкие перестроения резкое торможение,1
Очень приятный общительный добрый водитель,0
Очень классный водитель [SEP]  Добрый и весёлый,0
Подал а м не на точку,0
У водителя есть замечания по работе сервиса Часто время в пути рассчитываться неправильно Находясь в центре часто не берутся заказы и после этого списываются баллы мотивации предположу что проблема в плохом соединении возможно стоит учитывать что пользователь нажимал и пытался взять заказ в таком случае его вины нет Не всегда приходит уведомление об отмене Водитель рассказал что ему был подарок на день рождения 6 часов за 1 рубль мы с ним не смогли разобраться как активировать этот подарок во время покупки было предложено только купить абонемент на 7 дней Не хватает в приложении функции По делам чтобы водитель мог указать нужный ему адрес и система попыталась дать ему заказ в данную точку на данный момент только Дом Точка подачи не соответствует действительности,0
Все отлично,0
Машина грязная очень плохо видно номер,0
Он надел маску как только мы поехали все ок Вежливо спросил не включить ли мне музыку,0
Все хорошо,0
Отметил что приехал не доехав,0
остановился намного дальше где была указана точка посадки,0
Чуть не задавил ребенка во дворе тот отпрыгнул аж [SEP]  Водит не комфортно везде пытается вклиниться [SEP]  Разгоняется не успевает тормозит,1
В салоне было очень душно Укачало,0
Водитель был в маске [SEP]  Миссклик,0
Отличный водитель [SEP]  Спасибо,0
буквы в номерах не совпали,0
Больше не чего добавить,0
Водитель не умеет водить и ездить по навигатору,1
Сначала подъехал не туда но после звонка исправился,0
Очень приятный и вежливый водитель,0
Все отлично ❤️,0
Неприятный ароматизатор в салоне,1
Хорошо доехала,0
Нет признаков такси и неправильные номера,0
Водитель отметил что был на месте фактически его не было и я его ждал на улице [SEP]  Платное ожидание накрутка с его стороны,1
Максимально обычная поездка все хорошо,0
Всё отлично приятный водитель,0
Всё ок подвёз к двери,0
Эта ужасная программа лояльности с баллами [SEP]  Это просто ужас со всех сторон [SEP]  Например с одной — крайне часто машины не ищутся я как идиот стою в коридоре и жду пока терпение лопнет и я вызову Яндекс [SEP] Такси [SEP]  С другой — программа лояльности которая говорит мне «ну давай ещё поездочку ну ну может еще одну [SEP]  А то уровень потеряешь» [SEP]  Эти две стороны не могут существовать вместе [SEP]  Я думаю сначала нужно сделать так чтобы машины искались хотя бы с пятого раза а потом уже делать программу лояльности которая заставляет тебя заказывать такси именно у Ситика [SEP]  Я ужасно зол на ваши копирайты про «ну давай поднажми до 18 числа ну [SEP] » потому что тупо не могу ничего поделать — тачки не ищутся,0
Классный дедушка,0
Очень резкая манера вождения,1
Все хорошо,0
Вёл себя агрессивно сказал иную сумму потом сказал что шутил,0
Ехал на 3ку смотрел в пробках Ютюб,1
Классный водитель очень отзывчивый манера вождения очень спокойная и плавная,0
Разговаривал по телефону всю поездку,0
Идеально чистая машина,0
Отличный водитель знающий город профессиональное вождение,0
Машина грязная настолько что задние номера вообще не читаются,0
Редкостный вредитель [SEP]  Сначала не открывал замок дверей и выдвинул пассажирское переднее кресло до упора так что невозможно было сесть на задний ряд [SEP]  Отвратительная манера вождения [SEP]  Разговаривает по телефону во время езды,1
1 [SEP]  Попросил заехать на заправку [SEP]  То предложение от которого невозможно отказаться лучше заправиться чем не доехать [SEP]  Но на мой взгляд заправка должна происходить а перерыве между поездками [SEP]  и не отнимать времени пассажира [SEP]  2 [SEP]  Непонятно зачем периодически открывал форточку [SEP]  Продувало,1
Чёрная джета в комфорте [SEP]  Мы уверены что есть лицензия,0
Идеальный водитель,0
Передайте в антифрод [SEP]  Водитель одновременно работает на двух телефонах в ситимобил [SEP]  Пока ехали с другого телефона принял заказ в ситике но мы ещё даже не доехали а значит клиент будет долго ждать и ему даже не напишет что водитель выполняет другой заказ,0
Водитель настоящий джентельмен,0
Очень крутой водитель вежливый есть маски антисептики очень крутая поездка,0
Был затхлый запах в машине я не сразу почувствовала,0
Всё в порядке,0
Водитель вел машину небезопасно,1
Ездит на запрещающие знаки и материться,1
Машина без атрибутики такси,0
Приятная музыка ❤️,0
Отличный водитель,0
Водитель рассказал что употреблял спайс перед поездкой,0
Приехал чёрный солярис буквы в номере другие,0
Водитель вежливый,0
Отличный водитель,0
Что то с коробкой,0
Радио шансон,0
Отличный и вежливый водитель [SEP]  Знающий удачные пути подъезда,0
Проставлено «на месте» далеко от точки подачи [SEP]  Начинается отсчёт ожидания а водитель далеко,0
Очень грязная машина,0
Ведёт постоянно газуя и тормозя [SEP]  Стошнило после поездки,1
Водитель общался по телефону во время вождения,1
Все отлично,0
В машине ужасно воняло грязно водитель не умеет водить,1
немного оглядевшись в машине кажется что машинку хорошо бы было помыть,0
Маневрировал сильно,1
Резкое вождение обгоны и торможение [SEP]  Включил свою музыку достаточно громко не спросив меня [SEP]  Отвлекался на телефон чтобы ставить свою музыку,1
Разговаривал по телефону за рулем вёл резко выругался,1
Водитель всю дорогу комментировал другие машины,0
Водитель всю дорогу говорил по телефону,1
Супер водитель,0
Водитель нахамил,0
Странная вибрация авто Конда оно стоит на светофоре,0
Водитель какой то дёрганный не совсем понял с чем это связанно,0
Отписался подробно в отзыве по заказу,1
Все хорошо но странно жужжит печка [SEP]  Очень неприятный звук,0
Все понравилось,0
Поездка прошла отлично,0
У него есть вкусные конфетки для пассажиров [SEP]  Очень приятно [SEP]  Классный добрый водитель,0
Все ок чуть чуть грязноватая машина снаружи но в такую погоду это понятно,0
Отличный водитель [SEP]  Оставлю чаевых,0
не работают ремни безопасности на заднем сидении,1
Все отлично,0
Хотел закурить но не стал,0
Все отлично,0
Машина сильно битая в заднее правое крыло выглядит ужасно,1
Все отлично мило поболтали послушали Элвиса [SEP]  10 из 10,0
Буквы номера не совпадают с заявленными цифры совпадают,0
Без маски и кашлял,0
В машине пахнет сигаретами а в остальном все нормально,0
Вежливый водитель хорошая музыка,0
Телеграм подвис последний ответ да поведение корректное,1
Приятный водитель забавный,0
Нет зеркала заднего вида,0
Не понимаю почему чаще всего навигатор ведет водителей через Алабяна [SEP]  По ощущениям это самый длинный путь [SEP]  Но по навигатору водители говорят одинаково,0
не верные буквы в приложении к697тм,0
Очень вежливый водитель,0
Гос номер не совпадал,0
Отличный водитель,0
Все ок только нельзя пристегнуться сзади справа,0
Не хотел так далеко ехать Охал и ахал всю дорогу,0
Отличная поездка,0
Отличный водитель,0
Все радует ,0
Отказывался нажать «Поехали» долго держал «Машина подана» хотя уже ехали [SEP]  Не пристёгивается,0
Вежливый,0
Грубый но это не мешало,0
Буквы номера машины отличаются внт,0
Отличный водитель [SEP]  Выразите ему благодарность [SEP]  Очень вежлив тактичен [SEP]  Все на высшем уровне [SEP]  Спасибо,0
1 [SEP]  Водитель во всё время движения машины не был пристёгнут 2 [SEP]  Водитель заехал на АЗС заправиться не предупредив и не спросив как это пассажирам,1
Все понравилось [SEP]  Профессиональный водитель и вежливый,0
Другой гос номер авто,0
Все ок,0
Отличаются номера [SEP]  Машина не полностью оклеена в жёлтую плёнку чёрный передний бампер  [SEP]  В машине неприятно пахнет она в плохом состоянии,1
Он как то не очень хорошо понимает что происходит [SEP]  Приехал меня забирать начал уезжать тут же говорит что ему за мной надо ехать [SEP]  Я ему говорю так я уже здесь вот он [SEP]  Он говорит что приложение показывает что за мной ехать надо [SEP]  Я его спрашиваю куда [SEP]  Он называет пункт назначения я ему говорю что это меня туда отвезти надо [SEP]  Очень тугой тип,0
отличный вежливый водитель,0
остановился не у того конца дома точка стояла в другом месте,0
Серьезный водитель,0
В салоне грязно,0
Всё отлично,0
В машине пахнет куревом но сам водитель очень доброжелательный,0
Водитель смотрел ютьюбчик а так все ок,0
Ездит рывками и с нарушениями скоростного режима,1
Все супер ,0
Номер х518ем37,0
Отличный водитель с прекрасным знанием города,0
сначала в машине был приятный запах потом сильно запахло бензином и меня сильно укачало,0
очень хорошо и радио монте карло,0
Отличный дядюшка,0
Неверная подача пришлось идти с тяжёлыми сумками вокруг дома платное ожидание,0
Очень приятный водитель хорошо поговорили,0
Играла восточная музыка [SEP]  Я попросила включить Energy [SEP]  На что он включил Русский хит [SEP]  После повторной просьбы все же нашёл Energy [SEP]  За что ему большое спасибо,0
Общался по видеосвязи,0
нельзя пристегнуться сзади замочки спрятаны под чехол,0
Все понравилось,0
У водителя проблемы с gps или же его отключает причем в двух предыдущих закрытых заказах водителя та же ситуация [SEP]  По причине того что не было понятно где водитель находится вплоть до звонка ему до этого на сообщение в чате он не ответил возникло платное ожидание в одну минуту,0
С059ку гос номер но он вроде позвонил в парк при мне,0
Очень прокуренная машина нечем дышать выходишь весь пропахший табаком,0
Вежливый,0
Отличный водитель [SEP]  Очень вежливый и приятный,0
Вежливый водитель даже пожелал хорошего дня,0
Номер совпадает,0
Водитель поставил на масте когда ещё не приехал по адресу и добавил платное ожидание за то время которое я его ждала,0
Радио громковато но не проблема решили,0
Все хорошо,0
Очень понравилось то что водитель ехал очень аккуратно так как видел что я с тортом еду,0
Подача свыше 20 мин катастрофа,0
машина была золотым цветом номер «т788ар50»,0
Водитель вызвался бескорыстно привезти забытый в машине зонт,0
Все ок,0
Привёз не туда похоже на баг карт раньше карты вели по другому,0
Прекрасный,0
Водитель отметил что доехал хотя надо было заехать во двор и как то не хотя это сделал [SEP]  Но в итоге довёз куда нужно,0
Всю дорогу смотрел кино с телефона,1
очень приятный водитель,0
Глухонемой водитель но прислушивается к клиенту лучше чем слышащий [SEP]  Оставила ему чаевые,0
Очень дергано ехал постоянно ускорялся,1
Пусть смотрит на карту куда едет [SEP]  А то проезжает точки,0
Стоял не на выбранном адресе а на дублере [SEP]  Пока позвонила дошла пошло платное ожидание,0
Подложные номера,0
Супер милый водитель [SEP]  За отсутсвие маски не обижаюсь так как сама переболела,0
Водитель не начал поездку вовремя только через 15 минут после начала когда я сама заметила это в приложении также водитель в разговоре обращался на «ты»,0
На автомобиле были наклейки Яндекс такси,0
Не совпадают буквы номера [SEP]  Разбит багажник и передний бампер,0
Попросил везти аккуратнее и сказал что я не тороплюсь он прислушался,1
Ужасная разделительная пленка она очевидно ни от чего не защищает так как отклеивается и рваная а выглядит это убого,0
Приехал не туда и 5 минут не мог найти въезд во двор,0
Очень дёргается сильно при вождении совершает опасные маневры [SEP]  В салоне установлено детское кресло думаю что с детишками так ездить неприемлемо,1
Начал движение до того как я дверь закрыла [SEP]  Так и выпасть можно,1
Опасно гнал,1
Водитель забыл начать поездку,0
Отличный водитель,0
приятный водитель,0
Не та машина Не те номера,0
Без остановки ругался матом и очень опасное вождение,1
Со всеми ругается водит очень лихо,1
Некорректный номер автомобиля на оклейке,0
водитель больше 13 часов за рулём [SEP]  Сам сказал что в Янлекс уде 12 отказал и его Яндекс удалил с линии  [SEP]  Засыпает еще и на сбер просил перевести денег,1
Водитель завершил поездку не доехав половину маршрута,0
Очень старается,0
Когда я села в такси водитель спросил надеть ли ему тоже маску я сказала как хотите он не надел [SEP]  На просьбу закрыть окно немного прикрыл его [SEP]  Водитель ехал не аккуратно кажется он не очень хорошо видит даже в очках все время щурился и пригибался,1
Предложил открыть дверь очень вежливый,0
Пожелал хороших выходных,0
От водителя неприятно пахло,0
Включи ожидание секунд за 20 до приезда на место,0
Брендинг конкурента,1
Водитель поставил статус что машина подана заранее [SEP]  Но в остальном всё очень хорошо,0
Реальный номер х019хт152 газетки на ковриках,0
Машина только снаружи грязноватая внутри все чисто,0
Достаточно долго стоял на одном месте перед тем как поехать Где то минут 10 пришлось ждать когда водитель поедет причём на вопрос в чате никак не отреагировал,0
Звонил по телефону и одной рукой мин 10 поездки переключал передачи и рулил,0
Водитель норм [SEP]  Но [SEP]  Остановили гибдд просил сказать если спросят что он не таксист [SEP]  Уточнял моё имя [SEP]  Есть повод сомневаться что у него всё хорошо,0
Не работают ремни безопасности,0
Всё отлично,0
Водитель приятный в общении [SEP]  Но показалось что почему то нервничал,0
Говорил по телефону во время движения делал опасные перестроения,1
Отличный водитель помог нам найти более короткий путь,0
На заднем сиденье жёлтые полосы и пятна остались похоже будто ребёнок рисовал,0
